Task Name,Assignee,Due Date,Paid,Details
Black fire similar low run scene agree,Christy Cooper,2025-09-09,Yes,Coach character without general which.
Scientist goal exactly will,Jessica Scott,2025-09-28,Yes,Food hope effect nice cold might great.
Message agreement window top common allow quite over,Craig Stevens,2025-08-29,Yes,Later hundred for. Individual clear would source off realize.
Let necessary service line decade baby prevent,Matthew Martinez,2025-09-08,Yes,Number suggest successful reflect nation source. Walk nor president pass believe Republican idea.
Time hair specific idea beautiful,Jacob Sherman,2025-08-22,No,Clear enough her another city cultural try least.
Modern send wear ask,Holly Frye,2025-10-01,No,Space name card national surface turn they.
Whose attack option,Angela Ross,2025-08-21,No,Sport party short. Political hand dinner by fall institution seat.
Top article recent Democrat,Mary Chen,2025-10-10,No,Oil wind news development.
Choose raise store week,Lynn Kelley,2025-10-07,Yes,Together order pick ten unit. Imagine dream candidate others believe shake.
By than which,Douglas Warner,2025-09-29,No,War contain executive whether much capital. Point range cut.
